last_name,first_name,sex,age,campus,reason_for_consultation,date_of_infection,date_of_recovery,date_of_hospitalization
BORRAS,ZAKARIYA,M,22,HEC,fever,28/04,NA,02/05
GUESDON,HERMIONE,F,23,HEC,skin rash,29/04,05/05,NA
CORBLIN,ARIJ,F,22,HEC,skin rash,29/04,03/05,NA
KERMORGANT,ELISIO,M,20,HEC,fever,29/04,03/05,NA
BAUWENS,MELISA,F,22,CS,fatigue,29/04,04/05,NA
BOURI,NAOUFEL,M,21,HEC,fatigue,30/04,05/05,NA
MARIO,LOAY,M,23,HEC,fatigue,30/04,05/05,NA
LE BOUDEC,LENA,F,38,HEC,skin rash,30/04,04/05,NA
GIDON,MATTÉO,M,20,HEC,fever,01/05,06/05,NA
BRIAUD,ELYAN,M,22,CS,headache,01/05,06/05,NA
BELROSE,DJULYAN,M,20,HEC,headache,02/05,07/05,NA
BELAMRI,LÉVI,M,22,HEC,fever,02/05,07/05,NA
ARTHUR,VANILLE,F,20,HEC,skin rash,02/05,08/05,NA
BUSSARD,MYRA,F,20,HEC,fatigue,02/05,07/05,NA
BONNAVENTURE,ERIK,M,20,HEC,swollen lymph glands,02/05,08/05,NA
DUPERRET,ALESSIO,M,23,HEC,headache,02/05,07/05,NA
DELAYE,OWENN,M,21,X,headache,02/05,07/05,NA
BONE,TOBIAS,M,20,X,swollen lymph glands,02/05,08/05,NA
CASTRES,EWENN,M,21,CS,fever,02/05,07/05,NA
ALICI,PRINCE,M,23,CS,skin rash,02/05,07/05,NA
BLAINVILLE,ASTRID,F,21,HEC,swollen lymph glands,03/05,08/05,NA
DEMARLY,SHAHINE,M,48,HEC,fever,03/05,07/05,NA
LESNE,CHEIKH,M,20,HEC,skin rash,03/05,09/05,NA
LABROT,SOKHNA,F,20,HEC,fatigue,03/05,09/05,NA
BOLOT,AURE,F,23,HEC,headache,03/05,08/05,NA
DUFFAUD,ILYANNA,F,22,HEC,fever,03/05,08/05,NA
LESIEUX,MOUNA,F,21,HEC,skin rash,03/05,08/05,NA
CHASSOT,MARION,F,31,HEC,fever,03/05,NA,07/05
DUPRESSOIR,YAËL,F,23,HEC,fatigue,03/05,08/05,NA
COUR,LAZAR,M,45,CS,fatigue,03/05,07/05,NA
CHEDRU,GOHAN,M,20,CS,fatigue,03/05,08/05,NA
DOUILLET,MÉDINE,M,59,HEC,headache,04/05,09/05,NA
LESTAGE,JUAN,M,20,HEC,fatigue,04/05,10/05,NA
BIHAN,TANYA,F,21,HEC,fever,04/05,08/05,NA
COCHETEUX,WENDY,F,22,HEC,fatigue,04/05,09/05,NA
BALDACCHINO,MALOË,M,22,HEC,headache,04/05,09/05,NA
GAUTRON,MARTHE,F,23,HEC,swollen lymph glands,04/05,09/05,NA
CHAZEL,ORLANE,F,23,X,headache,04/05,08/05,NA
MEDJEBEUR,VADIM,M,20,CS,fatigue,04/05,10/05,NA
HERMIER,YLIANA,F,22,CS,fatigue,04/05,09/05,NA
CAILLEAUX,YOHAN,M,21,HEC,fever,05/05,09/05,NA
CHOLLIER,ROMAIN,M,21,HEC,skin rash,05/05,11/05,NA
BEAUCHET,ZAYNEB,F,20,HEC,skin rash,05/05,09/05,NA
CURY,NAOUFEL,M,23,HEC,swollen lymph glands,05/05,10/05,NA
BENEDETTO,FLORENTIN,M,20,HEC,swollen lymph glands,05/05,10/05,NA
KANE,MÉLYA,F,20,HEC,swollen lymph glands,05/05,10/05,NA
CARIOU,ALEXANDRO,M,21,HEC,fever,05/05,10/05,NA
HENAUT,AYOUB,M,22,HEC,fever,05/05,10/05,NA
HEUGEBAERT,TRISTAN,M,21,HEC,fatigue,05/05,09/05,NA
CHOTEAU,KELVYN,M,24,HEC,skin rash,05/05,10/05,NA
LETERME,VAIANA,F,55,X,fever,05/05,10/05,NA
GUERMEUR,ROBINSON,M,22,X,skin rash,05/05,10/05,NA
BLONDIN,SOA,M,21,CS,skin rash,05/05,08/05,NA
LE PETIT,MATHIAS,M,23,CS,fatigue,05/05,10/05,NA
CHARNEAU,ISAURE,F,20,CS,fatigue,05/05,10/05,NA
GENEBRIER,ANDREA,M,22,HEC,swollen lymph glands,06/05,11/05,NA
BARKAT,LÉYNA,F,36,HEC,fatigue,06/05,12/05,NA
BOISSIERE,GARY,M,22,HEC,headache,06/05,NA,10/05
JORON,KARINA,F,27,HEC,skin rash,06/05,11/05,NA
CARRIERE,MATIS,M,22,HEC,skin rash,06/05,11/05,NA
JONET,ANOUK,F,20,HEC,fever,06/05,11/05,NA
IPPOLITO,KAYLIAH,F,23,HEC,skin rash,06/05,11/05,NA
LE SAINT,CÉLYA,F,22,HEC,swollen lymph glands,06/05,11/05,NA
DAS NEVES,SHANA,F,23,HEC,fatigue,06/05,11/05,NA
JAN,DENIS,M,27,HEC,fever,06/05,11/05,NA
CABANNES,BAYA,F,21,HEC,skin rash,06/05,11/05,NA
COULAUD,VIKTOR,M,22,CS,headache,06/05,11/05,NA
DELAERE,LEÏA,F,22,CS,headache,06/05,12/05,NA
BOSC,ALEXIA,F,36,CS,fatigue,06/05,11/05,NA
BARBOU,AYAH,F,34,HEC,fever,07/05,12/05,NA
DA SILVA,AURORA,F,20,HEC,skin rash,07/05,NA,NA
BIERRY,NAYLA,F,21,HEC,headache,07/05,NA,NA
LAGUERRE,SYANNA,F,22,HEC,fever,07/05,12/05,NA
DROUVIN,ASTRID,F,21,HEC,headache,07/05,12/05,NA
DOREL,ENZO,M,22,HEC,fatigue,07/05,12/05,NA
GIRY,ADÉLAÏDE,F,22,HEC,fatigue,07/05,12/05,NA
LALOUETTE,YAMINE,M,21,HEC,skin rash,07/05,12/05,NA
FELICE,MALAK,F,20,CS,skin rash,07/05,12/05,NA
DONATIEN,ELIAM,M,23,CS,fever,07/05,12/05,NA
CLAISSE,MAYLON,M,23,CS,fever,07/05,12/05,NA
JADEAU,MAYSON,M,20,HEC,fatigue,08/05,NA,NA
CHAMPAIN,SAMAËL,M,23,HEC,skin rash,08/05,NA,NA
HADEF,SANDRA,F,22,HEC,fever,08/05,NA,NA
GROS-DESORMEAUX,ANDONI,M,20,HEC,swollen lymph glands,08/05,NA,NA
ANNEQUIN,ÉLOI,M,22,HEC,skin rash,08/05,NA,NA
COLLON,FLORINE,F,20,HEC,skin rash,08/05,NA,NA
LOQUET,MAÉ,M,22,X,skin rash,08/05,NA,NA
EL ATTAR,ELISA,F,21,X,headache,08/05,NA,NA
GIRIN,AYANNA,F,22,HEC,fever,09/05,NA,NA
CARUEL,ANDRÉ,M,22,HEC,headache,09/05,NA,NA
FERRAN,JULINE,F,22,HEC,swollen lymph glands,09/05,NA,NA
AME,KYLE,M,20,HEC,fatigue,09/05,NA,NA
MAZAN,NEVEN,M,22,HEC,fatigue,09/05,NA,NA
FATHI,JULE,M,22,HEC,fever,09/05,NA,NA
AKHTAR,ISIS,F,20,HEC,fever,09/05,NA,NA
EME,HADIDJA,F,21,HEC,fatigue,09/05,NA,NA
DELABY,ADÉLIA,F,22,HEC,skin rash,09/05,NA,NA
GUIGUE,KILLIAN,M,23,HEC,fatigue,09/05,NA,NA
CHARIF,LILAS,F,22,HEC,headache,09/05,NA,NA
EBRARD,SOLANGE,F,23,HEC,fatigue,09/05,NA,NA
ALIANE,THÉRÈSE,F,21,X,swollen lymph glands,09/05,NA,NA
BALLAND,CLÉMENCE,F,20,X,headache,09/05,NA,NA
GUILLERM,CALIXTE,M,21,X,skin rash,09/05,NA,NA
GARRAUD,ELIZABETH,F,38,HEC,swollen lymph glands,10/05,NA,NA
FINOT,LINDA,F,23,HEC,fatigue,10/05,NA,NA
GUILLEMONT,SAFWANE,M,23,HEC,headache,10/05,NA,NA
LEONET,FÉLICIE,F,20,HEC,skin rash,10/05,NA,NA
FOIN,LYSANDRO,M,22,HEC,headache,10/05,NA,NA
MACHUT,JULIETTE,F,20,HEC,headache,10/05,NA,NA
DEROUET,MARIE,F,20,HEC,fever,10/05,NA,NA
DALMAS,ANÉLYA,F,21,HEC,swollen lymph glands,10/05,NA,NA
MASSOL,NADA,F,40,HEC,swollen lymph glands,10/05,NA,NA
BRACQ,SOULEYMEN,M,20,HEC,headache,10/05,NA,NA
BRENON,MAËLYS,F,35,HEC,fever,10/05,NA,NA
DJELLALI,MAYEL,M,23,HEC,fever,10/05,NA,NA
ALOUANE,OSMAN,M,21,HEC,skin rash,10/05,NA,NA
GOURDET,CYRINE,F,22,HEC,fever,10/05,NA,NA
CHAZAL,AIMÉE,F,48,HEC,swollen lymph glands,10/05,NA,NA
CADINOT,SOULEYMEN,M,23,HEC,fatigue,10/05,NA,NA
LANUSSE,GABRYEL,M,31,X,fatigue,10/05,NA,NA
LAFFAILLE,ILINE,F,22,CS,fatigue,10/05,NA,NA
BELLINI,HAMIDOU,M,20,CS,fever,10/05,NA,NA
HAOUZI,SALSABIL,F,50,CS,fatigue,10/05,NA,NA
CAILLEAU,AMAR,M,23,CS,swollen lymph glands,10/05,NA,NA
GRINCOURT,CÉLYA,F,22,HEC,skin rash,11/05,NA,NA
ANFRAY,WAHIL,M,46,HEC,swollen lymph glands,11/05,NA,NA
COQUILLAT,COLETTE,F,23,HEC,swollen lymph glands,11/05,NA,NA
BERMUDEZ,MORGANE,F,21,HEC,swollen lymph glands,11/05,NA,NA
BRAZIER,LEMMY,M,20,HEC,fever,11/05,NA,NA
GOURMELON,THYAM,M,21,HEC,headache,11/05,NA,NA
MELIS,SAMUEL,M,21,HEC,swollen lymph glands,11/05,NA,NA
LAURETTE,FABIO,M,22,HEC,swollen lymph glands,11/05,NA,NA
LAMBARD,ALIM,M,21,HEC,skin rash,11/05,NA,NA
GARANDEL,CORENTIN,M,22,HEC,fatigue,11/05,NA,NA
HELLE,GIANI,M,23,HEC,fatigue,11/05,NA,NA
BERTHET,MANUELA,F,20,HEC,skin rash,11/05,NA,NA
FAUVEAU,PRUNE,F,20,HEC,fever,11/05,NA,NA
CLERO,ABDERRAHMAN,M,22,HEC,swollen lymph glands,11/05,NA,NA
DEMANGEAT,ALYZÉE,F,20,HEC,skin rash,11/05,NA,NA
GAILLAC,NESSIM,M,23,HEC,fever,11/05,NA,NA
JEAN BAPTISTE,JOEY,M,20,HEC,headache,11/05,NA,NA
HEID,QUENTIN,M,20,HEC,skin rash,11/05,NA,NA
CHENE,QAYYIM,M,23,HEC,headache,11/05,NA,NA
BROSSET,JONAH,M,23,HEC,swollen lymph glands,11/05,NA,NA
CASTARD,TAO,M,20,HEC,fever,11/05,NA,NA
JOANNES,LEONIE,F,59,HEC,skin rash,11/05,NA,NA
COJEAN,LITAL,F,21,HEC,skin rash,11/05,NA,NA
FONTANEL,ISÉE,F,23,HEC,skin rash,11/05,NA,NA
GONCALVES,OTTO,M,23,X,headache,11/05,NA,NA
LAPORAL,VLAD,M,23,X,fever,11/05,NA,NA
COLLETTE,HANEÏA,F,20,X,skin rash,11/05,NA,NA
EURY,SABRINA,F,23,X,swollen lymph glands,11/05,NA,NA
IDMONT,VITORIA,F,20,X,skin rash,11/05,NA,NA
M'TIMA,NOLAN,M,22,X,fever,11/05,NA,NA
CURUTCHET,NOUR,F,23,CS,headache,11/05,NA,NA
JOUNEAU,MAKAN,M,23,CS,swollen lymph glands,11/05,NA,NA
KAMARA,CATALÉYA,F,49,CS,fever,11/05,NA,NA
GATOUILLAT,AÏSSATA,F,23,CS,headache,11/05,NA,NA
CABRIMOL,MALEK,F,23,CS,swollen lymph glands,11/05,NA,NA
LAC,GRÂCE,F,50,HEC,headache,12/05,NA,NA
MARICAL,JAMAL,M,20,HEC,swollen lymph glands,12/05,NA,NA
LATAPIE,FABIEN,M,48,HEC,swollen lymph glands,12/05,NA,NA
FARIN,ELLY,F,54,HEC,skin rash,12/05,NA,NA
BORDIN,BARTHÉLÉMY,M,23,HEC,skin rash,12/05,NA,NA
JEDDI,LÉONCE,M,20,HEC,skin rash,12/05,NA,NA
MARTORANA,YOUSSRA,F,20,HEC,headache,12/05,NA,NA
FELS,EMMANUELLA,F,20,HEC,swollen lymph glands,12/05,NA,NA
CHAGOT,SOULAYMANE,M,28,HEC,fever,12/05,NA,NA
GAZET,MEVA,F,20,HEC,swollen lymph glands,12/05,NA,NA
GROSSE,NELLA,F,23,HEC,fever,12/05,NA,NA
CHENTOUF,LILIO,M,21,HEC,headache,12/05,NA,NA
BARRY,IMANY,F,20,HEC,fatigue,12/05,NA,NA
DURA,LYSSANA,F,22,HEC,fever,12/05,NA,NA
BURGER,ELY,F,21,HEC,skin rash,12/05,NA,NA
LE MENN,GLENN,M,20,HEC,fever,12/05,NA,NA
CLAUS,EMRYS,M,50,HEC,fever,12/05,NA,NA
GASMI,DINA,F,21,HEC,skin rash,12/05,NA,NA
GUINOT,MOANA,F,21,HEC,skin rash,12/05,NA,NA
BOYON,ADIB,M,22,HEC,headache,12/05,NA,NA
CHATELAIN,LÉNA,F,22,HEC,skin rash,12/05,NA,NA
FURIC,ALISTAIR,M,21,HEC,fatigue,12/05,NA,NA
LEBRUN,ELINE,F,21,HEC,skin rash,12/05,NA,NA
AUBE,JASON,M,20,HEC,fatigue,12/05,NA,NA
LARCHE,ELLANA,F,22,X,fever,12/05,NA,NA
KEFI,RONAN,M,21,X,swollen lymph glands,12/05,NA,NA
LE HEN,MYAH,F,21,X,headache,12/05,NA,NA
LECOINTRE,MARCELINE,F,22,X,fever,12/05,NA,NA
GIRES,OTHMANE,M,22,X,skin rash,12/05,NA,NA
KESLER,MICHEL,M,20,X,headache,12/05,NA,NA
BINEAU,LAMINE,M,23,X,fatigue,12/05,NA,NA
LENCLUME,MÉLINA,F,22,X,skin rash,12/05,NA,NA
HERMANGE,HASNA,F,23,X,fatigue,12/05,NA,NA
LEVEAU,JESSICA,F,53,CS,skin rash,12/05,NA,NA
FALEMPIN,DAYANN,M,20,CS,skin rash,12/05,NA,NA
BOUCHARA,JACKSON,M,20,CS,fever,12/05,NA,NA
BRUGIERE,ELVIRA,F,22,CS,swollen lymph glands,12/05,NA,NA
LAFFARGUE,OWEN,M,25,CS,swollen lymph glands,12/05,NA,NA
EL HAMDI,JESSIE,F,20,CS,fever,12/05,NA,NA
ALEXANDRE,AYDIN,M,20,CS,fever,12/05,NA,NA
